PC,variance_explained,F_statistic,p_value,significant
PC1,26.09917638819985,19.194641735529572,6.241135577724042e-10,True
PC2,15.720105707848637,30.923596289103983,1.6932899368049459e-13,True
PC3,8.557360929030592,6.144978980537008,0.00036755745198730817,True
PC4,6.991967888764592,3.9242776551743734,0.007129321290222958,True
PC5,4.661275922986747,2.3510582686100334,0.06533463464433086,False
