PC,variance_explained,F_statistic,p_value,significant
PC1,24.193969500643387,62.790432292977535,6.130677132340379e-16,True
PC2,16.440075822416528,0.8008489904557107,0.5000960107808221,False
PC3,10.303786120991312,2.8477989348469213,0.048245861349321344,True
PC4,8.502299792595137,13.198119466274434,2.7983155521059046e-06,True
PC5,6.055318778648978,2.0513080858044193,0.12049200407339947,False
