Class,Mean_Abundance
Bacteroidia,0.27344106211546065
Clostridia,0.23871901414233082
Bacilli,0.1845551591067775
Negativicutes,0.10319670234889061
Actinomycetia,0.07968517057246297
Gammaproteobacteria,0.03336686753222634
Verrucomicrobiae,0.030364003529575124
Brachyspirae,0.029076213146118544
Alphaproteobacteria,0.02759580750615738
