Phylum,Mean_Abundance
Bacteroidota,0.27344106211546065
Bacillota_A,0.23871901414233082
Bacillota,0.1845551591067775
Bacillota_C,0.10319670234889061
Actinomycetota,0.07968517057246297
Pseudomonadota,0.06096267503838372
Verrucomicrobiota,0.030364003529575124
Spirochaetota,0.029076213146118544
