PC,variance_explained,F_statistic,p_value,significant
PC1,24.20690077266456,14.770777304257692,8.586081233592609e-07,True
PC2,15.394657928117955,9.808053230671584,4.501875674841988e-05,True
PC3,9.650451842975023,11.987475625520572,7.261734169572742e-06,True
PC4,7.7789292755361314,3.6591532846703405,0.019359798536017454,True
PC5,7.1341271281532945,3.153198851297537,0.03411943223528669,True
