PC,variance_explained,F_statistic,p_value,significant
PC1,26.142253272252102,22.360284467621984,5.3019587095059857e-11,True
PC2,14.739701085832428,24.33158809086576,1.2661572699842604e-11,True
PC3,8.122817975130342,12.155666100798035,3.7853047444461687e-07,True
PC4,6.772520070115645,1.7635641086930833,0.14938347654576234,False
PC5,4.853895740856242,3.381223940839179,0.015212515691922288,True
